,milepost
0,d005es15036
1,d005es15125
2,d005es15214
3,d005es15280
4,d005es15315
5,d005es15348
6,d005es15410
7,d005es15465
8,d005es15531
9,d005es15569
10,d005es15587
11,d005es15608
12,d005es15652
13,d005es15723
14,d005es15792
15,d005es15845
16,d005es15892
17,d005es15957
18,d005es15996
19,d005es16064
20,d005es16107
21,d005es16186
22,d005es16237
23,d005es16272
24,d005es16302
25,d005es16396
26,d005es16442
27,d005es16466
28,d005es16513
29,i090es00302
30,d005es16551
31,d005es16583
32,d005es16640
33,d005es16661
34,d005es16701
35,d005es16732
36,d005es16756
37,d005es16802
38,d005es16831
39,d005es16885
40,i520es00028
41,d005es16919
42,d005es16942
43,d005es16990
44,d005es17025
45,d005es17075
46,d005es17131
47,d005es17162
48,d005es17215
49,d005es17264
50,d005es17288
51,d005es17328
52,d005es17375
53,d005es17416
54,d005es17460
55,d005es17508
56,d005es17551
57,d005es17601
58,d005es17674
59,d005es17722
60,d005es17774
61,d005es17775
62,d005es17826
63,d005es17875
64,d005es17926
65,d005es17976
66,d005es18017
67,d005es18066
68,d005es18106
69,d005es18156
70,d005es18211
71,d005es18262
72,d005es18322
73,d005es18382
74,d005es18449
75,d090es00278
76,d090es00302
77,i005es16466
78,d090es00353
79,d090es00430
80,d090es00453
81,d090es00545
82,d090es00595
83,d090es00667
84,d090es00696
85,d090es00720
86,d090es00769
87,d090es00822
88,d090es00838
89,d090es00859
90,d405es01079
91,i405es01178
92,d090es00893
93,d090es00912
94,d090es00961
95,d090es00996
96,d405es00011
97,d405es00044
98,d405es00086
99,d405es00139
100,d405es00171
101,d405es00221
102,d405es00243
103,d405es00294
104,d405es00342
105,d405es00391
106,d405es00473
107,d405es00532
108,d405es00608
109,d405es00646
110,d405es00700
111,d405es00740
112,d405es00803
113,d405es00840
114,d405es00890
115,d405es00921
116,d405es00975
117,d405es01128
118,d405es01178
119,d405es01229
120,i090es00838
121,d405es01272
122,d405es01333
123,d405es01392
124,d405es01427
125,d405es01465
126,d405es01612
127,d405es01799
128,d520es00616
129,i520es00714
130,d405es01823
131,d405es01870
132,d405es01921
133,d405es01972
134,d405es02022
135,d405es02047
136,d405es02136
137,d405es02183
138,d405es02351
139,d405es02393
140,d405es02439
141,d405es02517
142,d405es02662
143,d405es02744
144,d405es02898
145,d520es00028
146,d520es00083
147,i005es16831
148,d520es00158
149,d520es00162
150,d520es00306
151,d520es00397
152,d520es00448
153,d520es00468
154,d520es00492
155,d520es00514
156,d520es00526
157,d520es00560
158,d520es00684
159,d520es00714
160,d520es00746
161,i405es01612
162,d520es00861
163,d520es00911
164,d520es00972
165,i005es15036
166,i005es15125
167,i005es15214
168,i005es15240
169,i005es15280
170,i005es15315
171,i005es15348
172,i005es15465
173,i005es15480
174,i005es15531
175,i005es15569
176,i005es15608
177,i005es15652
178,i005es15742
179,i005es15792
180,i005es15821
181,i005es15845
182,i005es15892
183,i005es15920
184,i005es15957
185,i005es15996
186,i005es16040
187,i005es16064
188,i005es16097
189,i005es16120
190,i005es16147
191,i005es16186
192,i005es16237
193,i005es16272
194,i005es16302
195,i005es16319
196,i005es16377
197,i005es16395
198,i005es16513
199,i005es16551
200,i005es16583
201,i005es16640
202,i005es16704
203,i005es16732
204,i005es16756
205,i005es16802
206,i005es16885
207,i005es16920
208,i005es16944
209,i005es16977
210,i005es17025
211,i005es17131
212,i005es17163
213,i005es17215
214,i005es17264
215,i005es17289
216,i005es17328
217,i005es17375
218,i005es17416
219,i005es17458
220,i005es17508
221,i005es17551
222,i005es17627
223,i005es17674
224,i005es17722
225,i005es17774
226,i005es17826
227,i005es17875
228,i005es17927
229,i005es17976
230,i005es18017
231,i005es18066
232,i005es18115
233,i005es18156
234,i005es18170
235,i005es18204
236,i005es18264
237,i005es18322
238,i005es18406
239,i005es18449
240,i090es00341
241,i090es00359
242,i090es00430
243,i090es00454
244,i090es00549
245,i090es00595
246,i090es00667
247,i090es00696
248,i090es00720
249,i090es00769
250,i090es00805
251,i090es00893
252,i090es00921
253,i090es00961
254,i090es00996
255,i405es00011
256,i405es00044
257,i405es00092
258,i405es00139
259,i405es00171
260,i405es00221
261,i405es00243
262,i405es00294
263,i405es00342
264,i405es00391
265,i405es00412
266,i405es00473
267,i405es00536
268,i405es00608
269,i405es00656
270,i405es00700
271,i405es00745
272,i405es00803
273,i405es00840
274,i405es00890
275,i405es00936
276,i405es00975
277,i405es01031
278,i405es01079
279,i405es01128
280,i405es01228
281,i405es01290
282,i405es01331
283,i405es01360
284,i405es01392
285,i405es01463
286,i405es01799
287,i405es01823
288,i405es01870
289,i405es01921
290,i405es01971
291,i405es02022
292,i405es02047
293,i405es02136
294,i405es02183
295,i405es02351
296,i405es02369
297,i405es02393
298,i405es02439
299,i405es02517
300,i405es02662
301,i405es02687
302,i405es02744
303,i405es02898
304,i520es00083
305,i520es00104
306,i520es00158
307,i520es00162
308,i520es00306
309,i520es00397
310,i520es00448
311,i520es00468
312,i520es00492
313,i520es00514
314,i520es00526
315,i520es00560
316,i520es00624
317,i520es00684
318,i520es00746
319,i520es00770
320,i520es00861
321,i520es00935
322,i520es00972
